student_id,student_name,query,case_ids,case_classes,fc_state,tt_state,agreement,fc_ms,tt_ms,fc_peak_kb,tt_peak_kb,dependency_depth
S001,Nguyễn Minh Tuấn,AIN301,TC01_enough_prereqs,enough_prereqs,True,True,True,0.8502049982780591,0.2783050018479116,14.8896484375,4.84375,3
S001,Nguyễn Minh Tuấn,GRADUATION,,,False,False,True,0.9853350013145246,0.344705005409196,14.1865234375,6.208984375,5
S002,Trần Thị Lan Anh,AIN301,TC02_missing_prereq,missing_prereq,False,False,True,1.17002000042703,0.26709000230766833,12.5419921875,4.935546875,3
S002,Trần Thị Lan Anh,GRADUATION,,,False,False,True,1.0274049986037426,0.36923000152455643,12.5419921875,6.279296875,5
S003,Phạm Đức Anh,AIN301,,,True,True,True,0.9125100012170151,0.21502500312635675,15.955078125,4.671875,3
S003,Phạm Đức Anh,GRADUATION,TC03_credits_without_mandatory,credits_without_mandatory,False,False,True,0.6694649971905164,0.2613149961689487,15.822265625,6.208984375,5
S004,Lê Quang Bảo,AIN301,TC04_incomplete_conflicting_facts,incomplete_conflicting_facts,,,True,0.6076700025005266,0.07992499886313453,12.60546875,3.2734375,3
S004,Lê Quang Bảo,GRADUATION,,,,,True,0.5717000021832064,0.07890499691711739,12.73828125,3.3203125,5
S005,Hoàng Thị Ngọc,AIN301,,,True,True,True,0.6034049991285428,0.16435000143246725,15.8857421875,4.671875,3
S005,Hoàng Thị Ngọc,GRADUATION,,,False,False,True,0.6201999945915304,0.23355999874183908,15.8857421875,6.208984375,5
